Broad subject;Category / Contentious sector;(Sub-Category);Category Conceptual Definition;Sub-Category Conceptual Definition;Key NLP words targets;Key interests / key lobbies;;;;
Climate;INDUSTRY AND MANUFACTURING;Manufacturing of low-carbon technologies;A fundamental pillar of SDG 9 (Sustainable industrialization) and a sector targeted for deep emission reductions by IPCC AR6 (C.3.3),. The EU Taxonomy defines precise technical screening criteria for this sector, particularly for the manufacturing of low-carbon technologies.;Production of specific technologies including renewable energy equipment, low-carbon transport vehicles, and other innovations that contribute substantially to the stabilization of greenhouse gas concentrations in the atmosphere,,.;"""low-carbon technology manufacturing"", ""renewable energy equipment"", ""mitigation equipment"", ""energy-saving appliances"", ""clean-tech production"", ""photovoltaic module assembly"", ""wind turbine manufacturing"", ""EU Ecolabel"", ""Ecodesign Directive"", ""Energy Star"", ""IRENA"", ""SolarPower Europe"", ""technological lock-in"", ""subsidy dependence"", ""industrial competitiveness"", ""carbon leakage"", ""green industrial policy""";Heavy industry manufacturers, engineering firms, renewable energy developers, and industrial technology providers,.;;;;
Climate;INDUSTRY AND MANUFACTURING;Energy efficiency in industrial processes;A fundamental pillar of SDG 9 (Sustainable industrialization) and a sector targeted for deep emission reductions by IPCC AR6 (C.3.3),. The EU Taxonomy defines precise technical screening criteria for this sector, particularly for the manufacturing of low-carbon technologies.;Implementation of integrated measures to reduce the energy intensity of industrial operations, including heat recovery and optimized production lines, to achieve deep emission reductions,,.;"""industrial energy performance"", ""heat recovery systems"", ""energy intensity reduction"", ""process optimization"", ""energy audits"", ""industrial thermal regulation"", ""high-efficiency motors"", ""ISO 50001"", ""ESCO"", ""IEA Industrial Energy"", ""Energy Efficiency First"", ""European Energy Efficiency Platform"", ""rebound effect"", ""abatement costs"", ""stranded industrial assets"", ""implementation gap"", ""investment barriers""";Steel, cement, and chemical corporations, energy service companies (ESCOs), and material science researchers,. ;;;;
Climate;INDUSTRY AND MANUFACTURING;Circular material flows and material efficiency;A fundamental pillar of SDG 9 (Sustainable industrialization) and a sector targeted for deep emission reductions by IPCC AR6 (C.3.3),. The EU Taxonomy defines precise technical screening criteria for this sector, particularly for the manufacturing of low-carbon technologies.;Coordinated action throughout value chains to promote material efficiency, recycling, and the reuse of secondary raw materials to reduce reliance on virgin resource extraction and industrial waste,,,. ;"""circular material flows"", ""secondary raw materials"", ""design for disassembly"", ""material substitution"", ""by-product utilization"", ""remanufacturing processes"", ""industrial symbiosis"", ""Circular Economy Action Plan"", ""Waste Framework Directive"", ""Ellen MacArthur Foundation"", ""REACH regulation"", ""Cradle to Cradle"", ""downcycling"", ""recycling toxicity"", ""planned obsolescence"", ""waste trade"", ""recycled content claims""";Waste management firms, recycling companies, material suppliers, and circular economy advocacy groups,,.;;;;
Climate;INDUSTRY AND MANUFACTURING;Carbon Capture, Utilization, and Storage (CCU/CCS);A fundamental pillar of SDG 9 (Sustainable industrialization) and a sector targeted for deep emission reductions by IPCC AR6 (C.3.3),. The EU Taxonomy defines precise technical screening criteria for this sector, particularly for the manufacturing of low-carbon technologies.;Deployment of technologies to capture CO2 from industrial sources for either utilization in products or permanent geological storage to mitigate hard-to-abate industrial emissions,,,. ;"""carbon capture storage"", ""geological sequestration"", ""direct air capture"", ""BECCS"", ""CCU technologies"", ""post-combustion capture"", ""underground storage integrity"", ""Global CCS Institute"", ""London Protocol"", ""CCS Directive"", ""Northern Lights Project"", ""IEA GHG"", ""unabated fossil fuels"", ""storage leakage risk"", ""moral hazard"", ""high operational cost"", ""CCS greenwashing""";Oil and gas companies, heavy emission industries (cement, chemicals), and CCS infrastructure developers,. ;;;;
Climate;INDUSTRY AND MANUFACTURING;Fuel switching and industrial electrification ;A fundamental pillar of SDG 9 (Sustainable industrialization) and a sector targeted for deep emission reductions by IPCC AR6 (C.3.3),. The EU Taxonomy defines precise technical screening criteria for this sector, particularly for the manufacturing of low-carbon technologies.;Transitioning industrial energy demand from fossil fuels to low-emission electricity, hydrogen, or sustainable bioenergy for high-heat processes,,. ;"""industrial electrification"", ""low-emission hydrogen"", ""green ammonia"", ""industrial fuel switching"", ""electric arc furnaces"", ""synthetic kerosene"", ""industrial gas-to-power"", ""Hydrogen Council"", ""Power-to-X"", ""IPHE"", ""Green Hydrogen Catapult"", ""Clean Hydrogen Partnership"", ""hydrogen leakage"", ""grid capacity"", ""energy density"", ""hydrogen greenwashing"", ""electrification costs""";Industrial energy consumers, utility providers, hydrogen producers, and biofuel suppliers.;;;;
Climate;INDUSTRY AND MANUFACTURING;Sustainable mining for transition materials;A fundamental pillar of SDG 9 (Sustainable industrialization) and a sector targeted for deep emission reductions by IPCC AR6 (C.3.3),. The EU Taxonomy defines precise technical screening criteria for this sector, particularly for the manufacturing of low-carbon technologies.;Extraction of critical minerals required for low-carbon technologies while managing significant impacts on local ecosystems, land degradation, and biodiversity loss;"""critical minerals extraction"", ""lithium extraction"", ""rare earth elements"", ""tailings management"", ""mineral waste prevention"", ""deep-sea mining"", ""resource depletion"", ""Critical Raw Materials Act"", ""ICMM"", ""Responsible Mining Foundation"", ""OECD Mineral Guidelines"", ""Deep Sea Conservation Coalition"", ""habitat fragmentation"", ""resource curse"", ""indigenous land rights"", ""toxic tailings spill"", ""transition mineral rush""";Mining corporations, battery manufacturers, indigenous communities, and environmental NGOs;;;;
Climate;TRANSPORT AND MOBILITY;Road transport electrification and battery technology;A sector representing approximately 26% of total greenhouse gas emissions in the Union and identified as a domain for systemic transition by the IPCC. It is also specifically addressed by SDG target 11.2 for access to sustainable transport systems.;Transitioning light and heavy-duty road vehicles to electric propulsion powered by low-GHG emissions electricity and developing advanced battery life-cycles;"""electric vehicles"", ""lithium-ion batteries"", ""charging infrastructure"", ""zero-emission vehicles"", ""vehicle-to-grid"", ""battery energy density"", ""liquid electrolyte"", ""IEA-STEPS"", ""Euro 7 standard"", ""International Energy Agency"", ""European Battery Alliance"", ""Global Battery Alliance"", ""range anxiety"", ""critical minerals"", ""battery resource footprint"", ""grid stability"", ""lithium scarcity""";Automotive industry, battery manufacturers, utility companies, and charging infrastructure providers;;;;
Climate;TRANSPORT AND MOBILITY;Sustainable aviation and maritime fuels;A sector representing approximately 26% of total greenhouse gas emissions in the Union and identified as a domain for systemic transition by the IPCC. It is also specifically addressed by SDG target 11.2 for access to sustainable transport systems.;Development and use of low-emission hydrogen, ammonia, and synthetic fuels to mitigate CO2 emissions in hard-to-abate long-distance transport sectors;"""sustainable aviation fuels"", ""maritime decarbonization"", ""green ammonia"", ""synthetic kerosene"", ""low-emission hydrogen"", ""alternative energy carriers"", ""e-fuels"", ""CORSIA"", ""International Maritime Organization"", ""ICAO"", ""Clean Skies for Tomorrow"", ""Getting to Zero Coalition"", ""hard-to-abate residual emissions"", ""high operational cost"", ""feedstock availability"", ""technological maturity"", ""fuel-vs-food trade-off""";Airline companies, maritime shipping lines, fuel refineries, and alternative fuel startups;;;;
Climate;TRANSPORT AND MOBILITY;Public transit and active mobility systems;A sector representing approximately 26% of total greenhouse gas emissions in the Union and identified as a domain for systemic transition by the IPCC. It is also specifically addressed by SDG target 11.2 for access to sustainable transport systems.;Provision of accessible public transport and active transport infrastructure (walking and cycling) to provide low-emission alternatives to private vehicle use;"""active mobility"", ""public transport expansion"", ""bus rapid transit"", ""cycling infrastructure"", ""walkable cities"", ""transit-oriented development"", ""shared mobility"", ""SDG 11.2"", ""C40 Cities"", ""International Association of Public Transport"", ""Walk21"", ""Institute for Transportation and Development Policy"", ""car-free zones"", ""infrastructure investment gap"", ""transit equity"", ""urban accessibility"", ""modal shift barriers""";Municipal governments, urban planners, public transport authorities, and cycling advocacy groups;;;;
Climate;TRANSPORT AND MOBILITY;Transport infrastructure and habitat fragmentation;A sector representing approximately 26% of total greenhouse gas emissions in the Union and identified as a domain for systemic transition by the IPCC. It is also specifically addressed by SDG target 11.2 for access to sustainable transport systems.;Expansion of road, rail, and dam networks that facilitate economic development but cause high environmental costs including deforestation and habitat fragmentation;"""habitat fragmentation"", ""linear infrastructure"", ""wildlife corridors"", ""ecosystem connectivity"", ""paved road length"", ""barrier effects"", ""infrastructure expansion"", ""Convention on Migratory Species"", ""IUCN"", ""Global Road Map"", ""Infrastructures and Ecology Network Europe"", ""Trans-European Transport Network"", ""land grabbing"", ""population displacement"", ""environmental social costs"", ""unprecedented expansion"", ""illegal logging access""";Infrastructure developers, local communities, conservation NGOs, and land-use planners;;;;
Climate;TRANSPORT AND MOBILITY;Freight modal shift and logistics optimization;A sector representing approximately 26% of total greenhouse gas emissions in the Union and identified as a domain for systemic transition by the IPCC. It is also specifically addressed by SDG target 11.2 for access to sustainable transport systems.;Shifting the transport of goods from high-emission road modes to lower-emission rail or water-based systems and optimizing logistics for resource efficiency;"""modal shift"", ""freight electrification"", ""rail logistics"", ""intermodal transport"", ""supply chain efficiency"", ""heavy-duty trucks"", ""logistics optimization"", ""Shift2Rail"", ""Eurostat Freight"", ""European Rail Freight Association"", ""International Transport Forum"", ""World Road Association"", ""infrastructure bottlenecks"", ""cross-border interoperability"", ""last-mile delivery"", ""speed-of-delivery trade-offs"", ""regulatory barriers""";Logistics companies, rail operators, port authorities, and freight forwarders;;;;
Climate;TRANSPORT AND MOBILITY;Tourism-related transportation and carbon footprint;A sector representing approximately 26% of total greenhouse gas emissions in the Union and identified as a domain for systemic transition by the IPCC. It is also specifically addressed by SDG target 11.2 for access to sustainable transport systems.;Management of the increasing carbon footprint and pollution caused by the rise in long-distance airborne and seaborne transportation for tourism;"""tourism carbon footprint"", ""travel-related emissions"", ""long-distance transportation"", ""seaborne travel pollution"", ""airborne travel emissions"", ""ecotourism scale"", ""UNWTO"", ""Sustainable Tourism Global Council"", ""SDG 8.9"", ""SDG 12.b"", ""Global Sustainable Tourism Council"", ""flight shaming"", ""overtourism"", ""invasive alien species pathway"", ""carbon leakage"", ""tourism dependency""";Tourism industry, cruise lines, airlines, and local tourist boards;;;;
Climate;BUILDINGS AND CONSTRUCTION;Deep energy retrofitting and thermal performance;A major focus for energy efficiency and urban adaptation in IPCC AR6 (C.3.4). The EU Taxonomy identifies it as a key sector for climate change mitigation and for the transition to a circular economy through the reuse of building materials,.;Systematic renovation of existing building stock to achieve high energy performance through improved insulation, efficient lighting, and smart thermal regulation;"""building retrofitting"", ""thermal insulation"", ""HVAC optimization"", ""energy performance certificates"", ""building envelope improvement"", ""smart thermal regulation"", ""deep renovation"", ""Energy Performance of Buildings Directive"", ""EPBD"", ""Renovation Wave"", ""Eurostat Energy Efficiency"", ""Energy Star"", ""split incentives"", ""retrofit rate"", ""up-front investment cost"", ""housing affordability"", ""gentrification risk""";Real estate developers, construction firms, energy service companies (ESCOs), and insulation manufacturers;;;;
Climate;BUILDINGS AND CONSTRUCTION;Zero-emission building design and construction;A major focus for energy efficiency and urban adaptation in IPCC AR6 (C.3.4). The EU Taxonomy identifies it as a key sector for climate change mitigation and for the transition to a circular economy through the reuse of building materials,.;Design and construction of new buildings that utilize low-emission sources and efficient materials to achieve near-zero carbon operational standards;"""zero-emission buildings"", ""passive house design"", ""onsite renewable energy"", ""low-emissions heating"", ""net-zero housing"", ""sustainable building standards"", ""low-carbon construction"", ""EU Green Building"", ""LEED certification"", ""BREEAM"", ""World Green Building Council"", ""Ecodesign Directive"", ""construction cost premium"", ""embodied carbon debate"", ""regulatory compliance burden"", ""net-zero greenwashing"", ""building lifespan""";Architects, urban developers, green building councils, and construction material suppliers;;;;
Climate;BUILDINGS AND CONSTRUCTION;Circularity and building material reuse;A major focus for energy efficiency and urban adaptation in IPCC AR6 (C.3.4). The EU Taxonomy identifies it as a key sector for climate change mitigation and for the transition to a circular economy through the reuse of building materials,.;Promoting the disassembly, deconstruction, and reuse of building materials to reduce resource use and construction waste in line with circular economy principles;"""building material reuse"", ""disassembly and deconstruction"", ""circular material flows"", ""construction waste prevention"", ""repurposing buildings"", ""secondary building materials"", ""material recovery"", ""Waste Framework Directive"", ""Circular Economy Action Plan"", ""REACH regulation"", ""Cradle to Cradle"", ""EMAS"", ""structural safety concerns"", ""toxic legacy materials"", ""downcycling"", ""demolition waste dumping"", ""waste trade""";Demolition companies, waste management firms, sustainable material providers, and circular design specialists;;;;
Climate;BUILDINGS AND CONSTRUCTION;Low-carbon material substitution (Bio-based materials);A major focus for energy efficiency and urban adaptation in IPCC AR6 (C.3.4). The EU Taxonomy identifies it as a key sector for climate change mitigation and for the transition to a circular economy through the reuse of building materials,.;Replacing GHG-intensive construction materials (e.g., steel, cement) with sustainably sourced wood and other renewable bio-based materials;"""bio-based materials"", ""sustainably sourced wood"", ""long-lived wood products"", ""construction material substitution"", ""engineered timber"", ""natural building materials"", ""carbon sequestration in products"", ""FSC certification"", ""PEFC"", ""FLEGT"", ""EU Timber Regulation"", ""Nagoya Protocol"", ""carbon sink integrity"", ""harvesting rates"", ""land-use competition"", ""forest degradation risk"", ""biomass sustainability""";Forestry sector, timber manufacturers, architects, and climate-conscious developers;;;;
Climate;BUILDINGS AND CONSTRUCTION;Sufficiency and demand management in built environments;A major focus for energy efficiency and urban adaptation in IPCC AR6 (C.3.4). The EU Taxonomy identifies it as a key sector for climate change mitigation and for the transition to a circular economy through the reuse of building materials,.;Implementation of measures and practices that avoid the demand for energy, materials, and land while delivering well-being within planetary boundaries;"""sufficiency measures"", ""demand-side mitigation"", ""floor area per capita"", ""co-housing models"", ""resource-efficient lifestyles"", ""urban density management"", ""avoid-shift-improve"", ""IPCC WGIII"", ""SDG 12.1"", ""10-Year Framework of Programmes"", ""C40 Cities"", ""UN-Habitat"", ""living standards conflict"", ""lifestyle changes"", ""degrowth debate"", ""personal freedom"", ""urban sprawl""";Local authorities, urban planners, behavioral scientists, and civil society organizations;;;;
Climate;BUILDINGS AND CONSTRUCTION;Climate adaptation and resilient building infrastructure;A major focus for energy efficiency and urban adaptation in IPCC AR6 (C.3.4). The EU Taxonomy identifies it as a key sector for climate change mitigation and for the transition to a circular economy through the reuse of building materials,.;Integration of adaptation solutions into buildings to reduce risks from climate hazards such as heatwaves, flooding, and heavy precipitation;"""climate resilient development"", ""disaster risk management"", ""urban heat island mitigation"", ""flood-resilient housing"", ""building adaptation solutions"", ""thermal regulation"", ""early warning systems"", ""Sendai Framework"", ""Global Adaptation Network"", ""United Nations-supported Principles for Responsible Investment"", ""Green Climate Fund"", ""maladaptation"", ""seawall lock-in"", ""inequitable protection"", ""vulnerability transition"", ""relocation risks""";Urban developers, disaster risk management agencies, insurance companies, and municipal authorities;;;;
Climate;CITIES AND HUMAN SETTLEMENTS;Compact urban form and land-use planning;Structured by SDG 11, this sector is analyzed by IPBES as a driver of urbanization impacting biodiversity and by the IPCC as a critical system for climate-resilient development,,.;Integrated spatial strategies aiming to achieve urban density and co-location of jobs and housing to reduce energy demand and minimize the conversion of natural ecosystems.;"""compact urban form"", ""job-housing co-location"", ""urban urbanization"", ""spatial planning integration"", ""urban densification"", ""integrated spatial strategies"", ""transit-oriented development"", ""SDG 11.3"", ""UN-Habitat"", ""New Urban Agenda"", ""C40 Cities"", ""Local Governments for Sustainability"", ""urban sprawl"", ""green gentrification"", ""habitat fragmentation"", ""land competition"", ""forced displacement""";Local administrations, urban planners, real estate developers, and nature conservation organizations fighting against urban sprawl.;;;;
Climate;CITIES AND HUMAN SETTLEMENTS;Urban Nature-based Solutions (NbS) and Green/Blue Infrastructure;Structured by SDG 11, this sector is analyzed by IPBES as a driver of urbanization impacting biodiversity and by the IPCC as a critical system for climate-resilient development,,.;Implementation of green and blue infrastructure, such as urban forests and wetlands, to manage climate risks like heatwaves and flooding while enhancing biodiversity and ecosystem services.;"""urban nature-based solutions"", ""green-blue infrastructure"", ""ecosystem-based adaptation"", ""urban forests"", ""rooftop gardens"", ""permeable surfaces"", ""ecological connectivity"", ""Convention on Biological Diversity"", ""IPBES Global Assessment"", ""IUCN NbS Standard"", ""European Green Capital"", ""Global Environment Facility"", ""nature-based greenwashing"", ""ecological representative"", ""implementation scale"", ""maintenance costs"", ""grey-infrastructure bias""";Municipalities, landscape architects, environmental NGOs, and water management sectors.;;;;
Climate;CITIES AND HUMAN SETTLEMENTS;Slum upgrading and resilient housing for the vulnerable;Structured by SDG 11, this sector is analyzed by IPBES as a driver of urbanization impacting biodiversity and by the IPCC as a critical system for climate-resilient development,,.;Ensuring access to adequate, safe, and affordable housing and basic services while building the resilience of the poor to climate-related extreme events.;"""slum upgrading"", ""informal settlements"", ""resilient housing"", ""social protection programs"", ""urban poverty reduction"", ""vulnerable urban populations"", ""adequate housing access"", ""SDG 11.1"", ""UN-Habitat Slum Almanac"", ""World Bank Urban Development"", ""Slum Dwellers International"", ""International Federation of Red Cross"", ""inequitable protection"", ""marginalized residents"", ""forced relocation"", ""relocation risks"", ""legal status of migrants""";National governments, development agencies, social NGOs, and residents of informal settlements.;;;;
Climate;CITIES AND HUMAN SETTLEMENTS;Urban air quality and municipal waste management;Structured by SDG 11, this sector is analyzed by IPBES as a driver of urbanization impacting biodiversity and by the IPCC as a critical system for climate-resilient development,,.;Reduction of the adverse per capita environmental impact of cities through the management of air quality and the implementation of environmentally sound waste systems.;"""urban air quality"", ""municipal waste management"", ""per capita environmental impact"", ""ambient air pollution"", ""waste collection systems"", ""hazardous chemicals management"", ""particulate matter monitoring"", ""WHO Air Quality Guidelines"", ""Circular Economy Action Plan"", ""Waste Framework Directive"", ""Eurostat Waste"", ""SDG 11.6"", ""toxic dumping"", ""incineration impacts"", ""waste trade"", ""pollution hotspots"", ""smog deaths""";Waste management sectors, public health services, urban environmental authorities, and recycling companies.;;;;
Climate;CITIES AND HUMAN SETTLEMENTS;Coastal and low-lying cities adaptation infrastructure;Structured by SDG 11, this sector is analyzed by IPBES as a driver of urbanization impacting biodiversity and by the IPCC as a critical system for climate-resilient development,,.;Development of defensive and adaptive infrastructure, including seawalls and disaster risk systems, to protect coastal settlements from sea-level rise and storm surges.;"""sea-level rise adaptation"", ""storm surge barriers"", ""coastal defense infrastructure"", ""managed retreat"", ""hard engineering solutions"", ""dike construction"", ""disaster risk systems"", ""Sendai Framework"", ""SROCC report"", ""Global Adaptation Network"", ""Green Climate Fund"", ""Coastal Cities Network"", ""maladaptation"", ""seawall lock-in"", ""inequitable protection"", ""coastal squeeze"", ""irreversible losses""";Civil engineering firms, insurance companies, port authorities, and coastal residents.;;;;
Climate;INFORMATION AND COMMUNICATION TECHNOLOGIES (ICT);Digital solutions for climate monitoring and system optimization;Identified in the EU Taxonomy as an enabling sector for climate change mitigation and mentioned in SDG target 9.c regarding access to technology,.;Utilization of ICT, geospatial information, and satellite monitoring as enabling tools to monitor climate impacts and optimize the efficiency of energy and transport systems.;"""geospatial information systems"", ""earth observation data"", ""climate services monitoring"", ""smart-grid technology integration"", ""digital system optimization"", ""satellite-based climate monitoring"", ""precision environmental data"", ""Group on Earth Observations"", ""Copernicus Program"", ""SDG Target 17.16"", ""C40 Cities Network"", ""UN-Habitat Digital"", ""data accessibility barriers"", ""technological lock-in risk"", ""digital monitoring divide"", ""information proprietary restrictions"", ""high-cost data infrastructure""";Technology companies, data providers, space agencies, and energy and transport sectors.;;;;
Climate;INFORMATION AND COMMUNICATION TECHNOLOGIES (ICT);Universal internet access and digital connectivity;Identified in the EU Taxonomy as an enabling sector for climate change mitigation and mentioned in SDG target 9.c regarding access to technology,.;Efforts to provide universal and affordable access to the internet to bridge the digital divide and facilitate the spread of scientific and technological innovation.;"""universal internet access"", ""affordable digital connectivity"", ""ICT infrastructure expansion"", ""broadband network deployment"", ""information communications technology access"", ""bridging digital divide"", ""global telecommunications connectivity"", ""International Telecommunication Union"", ""SDG Target 9.c"", ""World Bank Digital"", ""Alliance for Affordable Internet"", ""UNESCO ICT Taskforce"", ""unequal digital access"", ""infrastructure investment gap"", ""connectivity affordability crisis"", ""marginalized community exclusion"", ""digital literacy barriers""";Telecommunications operators, governments, educational institutions, and international development agencies.;;;;
Climate;INFORMATION AND COMMUNICATION TECHNOLOGIES (ICT);Environmentally sound technology transfer;Identified in the EU Taxonomy as an enabling sector for climate change mitigation and mentioned in SDG target 9.c regarding access to technology,.;Promotion of the development, transfer, and diffusion of environmentally sound technologies to developing countries to support national climate plans.;"""technology facilitation mechanism"", ""environmentally sound technology transfer"", ""low-emission technology diffusion"", ""North-South technical cooperation"", ""concessional technology terms"", ""capacity-building technical support"", ""joint scientific research"", ""UNFCCC Technology Executive Committee"", ""Green Climate Fund"", ""Doha Development Round"", ""World Trade Organization"", ""Technology Bank for LDCs"", ""intellectual property barriers"", ""concessional term disputes"", ""technology implementation gap"", ""foreign provider overdependence"", ""asymmetric knowledge transfer""";International organizations (UN), developed and developing nations, R&D sectors, and technology investors.;;;;
Climate;INFORMATION AND COMMUNICATION TECHNOLOGIES (ICT);Energy intensity and environmental footprint of ICT;Identified in the EU Taxonomy as an enabling sector for climate change mitigation and mentioned in SDG target 9.c regarding access to technology,.;Management of the increasing demand for energy, critical minerals, and the environmental impacts associated with technological innovation and digital consumption.;"""ICT energy intensity"", ""digital resource consumption"", ""electronic waste management"", ""critical minerals footprint"", ""data center energy demand"", ""ICT lifecycle assessment"", ""rebound effect of innovation"", ""WEEE Directive"", ""Circular Economy Action Plan"", ""Global E-waste Monitor"", ""Critical Raw Materials Act"", ""Eco-design Directive"", ""energy-hungry data"", ""critical minerals rush"", ""electronic waste dumping"", ""digital rebound effect"", ""resource depletion concerns""";Computer hardware industry, data centers, mining sectors (critical minerals/rare earths), and environmental regulators.;;;;
Climate & Biodiversity;ENERGY SYSTEMS;Renewable energy generation (Solar, Wind, Geothermal, and Hydropower);Identified as a pivotal sector for climate change mitigation in IPCC AR6 (C.3.2) and Sustainable Development Goal (SDG) 7,. It also constitutes a major trade-off area in the IPBES Global Assessment due to the impacts of large-scale bioenergy deployment on land use and biodiversity,.;Generation of electricity and heat from non-fossil renewable sources including solar, wind, geothermal, and hydropower to achieve deep emission reductions in the global energy mix.;"""solar photovoltaic"", ""offshore wind"", ""concentrated solar power"", ""geothermal energy"", ""run-of-river hydro"", ""variable renewable energy"", ""renewable heat"", ""IRENA"", ""International Energy Agency"", ""SolarPower Europe"", ""Global Wind Energy Council"", ""RE100"", ""bird-killing turbines"", ""renewable intermittency"", ""renewable curtailment"", ""landscape industrialization"", ""solar waste""";Utility companies, renewable energy developers, solar/wind turbine manufacturers, and independent power producers.;;;;
Climate & Biodiversity;ENERGY SYSTEMS;Energy infrastructure, transmission, and grid reinforcement;Identified as a pivotal sector for climate change mitigation in IPCC AR6 (C.3.2) and Sustainable Development Goal (SDG) 7,. It also constitutes a major trade-off area in the IPBES Global Assessment due to the impacts of large-scale bioenergy deployment on land use and biodiversity,.;Construction and operation of systems for transmitting, storing, and distributing low-carbon energy, including necessary reinforcement or extension of the power grid.;"""high-voltage transmission"", ""smart grid integration"", ""grid reinforcement"", ""interconnector capacity"", ""electricity distribution network"", ""grid stability"", ""decentralized energy systems"", ""ENTSO-E"", ""Transmission System Operator"", ""Distribution System Operator"", ""European Grid Initiative"", ""Cigré"", ""grid bottlenecks"", ""NIMBY infrastructure"", ""transmission losses"", ""grid congestion"", ""centralized-vs-decentralized""";Transmission system operators (TSOs), distribution system operators (DSOs), infrastructure investors, and smart-grid technology providers.;;;;
Climate & Biodiversity;ENERGY SYSTEMS;Energy storage technologies;Identified as a pivotal sector for climate change mitigation in IPCC AR6 (C.3.2) and Sustainable Development Goal (SDG) 7,. It also constitutes a major trade-off area in the IPBES Global Assessment due to the impacts of large-scale bioenergy deployment on land use and biodiversity,.;Deployment of technologies to store energy for later use, facilitating the integration of variable renewable sources into the energy system.;"""lithium-ion batteries"", ""pumped hydro storage"", ""thermal energy storage"", ""battery life-cycle"", ""flywheel energy storage"", ""utility-scale storage"", ""chemical energy storage"", ""European Battery Alliance"", ""Global Battery Alliance"", ""EUROBAT"", ""IEA Storage"", ""Battery Passport"", ""lithium scarcity"", ""battery resource footprint"", ""storage degradation"", ""fire safety risks"", ""critical mineral dependency""";Battery manufacturers, chemical companies, utility-scale storage developers, and technology startups.;;;;
Climate & Biodiversity;ENERGY SYSTEMS;Low-emission hydrogen and alternative carriers;Identified as a pivotal sector for climate change mitigation in IPCC AR6 (C.3.2) and Sustainable Development Goal (SDG) 7,. It also constitutes a major trade-off area in the IPBES Global Assessment due to the impacts of large-scale bioenergy deployment on land use and biodiversity,.;Production and use of low-emission hydrogen and other alternative energy carriers for applications less amenable to direct electrification.;"""green hydrogen"", ""low-emission ammonia"", ""synthetic kerosene"", ""electrolyser capacity"", ""hydrogen-based fuels"", ""power-to-gas"", ""alternative energy carriers"", ""Hydrogen Council"", ""Clean Hydrogen Partnership"", ""IPHE"", ""Green Hydrogen Catapult"", ""H2Global"", ""hydrogen greenwashing"", ""energy density penalties"", ""infrastructure conversion costs"", ""hydrogen leakage"", ""blue-vs-green debate""";Industrial gas producers, hydrogen fuel providers, hard-to-abate industrial sectors, and transport logistics.;;;;
Climate & Biodiversity;ENERGY SYSTEMS;Bioenergy and biomass-based energy production;Identified as a pivotal sector for climate change mitigation in IPCC AR6 (C.3.2) and Sustainable Development Goal (SDG) 7,. It also constitutes a major trade-off area in the IPBES Global Assessment due to the impacts of large-scale bioenergy deployment on land use and biodiversity,.;Generation of energy from biomass, which contributes to climate mitigation but poses risks to biodiversity and food security through land-use competition.;"""biomass bioenergy"", ""wood pellets"", ""biofuel feedstock"", ""second-generation biofuels"", ""bioenergy with CCS"", ""BECCS"", ""short-rotation coppice"", ""Renewable Energy Directive"", ""Global Bioenergy Partnership"", ""FSC certification"", ""Roundtable on Sustainable Biomaterials"", ""food-vs-fuel"", ""monoculture plantations"", ""carbon debt"", ""indirect land-use change"", ""biodiversity-bioenergy trade-offs""";Biofuel producers, forestry companies, agricultural cooperatives, and environmental NGOs concerned with land use.;;;;
Climate & Biodiversity;ENERGY SYSTEMS;Fugitive methane emissions reduction (Coal, Oil, and Gas supply);Identified as a pivotal sector for climate change mitigation in IPCC AR6 (C.3.2) and Sustainable Development Goal (SDG) 7,. It also constitutes a major trade-off area in the IPBES Global Assessment due to the impacts of large-scale bioenergy deployment on land use and biodiversity,.;Implementation of measures to capture and reduce fugitive methane emissions from fossil fuel extraction and distribution systems.;"""methane leak detection"", ""gas flaring reduction"", ""fugitive emissions monitoring"", ""coal mine methane"", ""vapor recovery units"", ""gas supply chain integrity"", ""abated fossil fuels"", ""Global Methane Pledge"", ""Oil and Gas Methane Partnership"", ""IEA Methane Tracker"", ""Methane Guiding Principles"", ""invisible pollution"", ""industry self-regulation"", ""unmonitored leaks"", ""unabated fossil fuels"", ""satellite monitoring shaming""";Oil and gas companies, coal mining operators, environmental regulators, and monitoring agencies.;;;;
Climate & Biodiversity;ENERGY SYSTEMS;Nuclear energy generation;Identified as a pivotal sector for climate change mitigation in IPCC AR6 (C.3.2) and Sustainable Development Goal (SDG) 7,. It also constitutes a major trade-off area in the IPBES Global Assessment due to the impacts of large-scale bioenergy deployment on land use and biodiversity,.;Use of nuclear fission as a low-carbon energy source to contribute to the deep reduction of greenhouse gas emissions in the global energy supply.;"""nuclear"", ""nuclear fission"", ""small modular reactors"", ""baseload power"", ""uranium enrichment"", ""spent nuclear fuel"", ""generation III+ reactors"", ""IAEA"", ""Euratom"", ""World Association of Nuclear Operators"", ""Nuclear Energy Agency"", ""EU Taxonomy Transition Activities"", ""nuclear waste disposal"", ""radioactive fallout"", ""meltdown risk"", ""proliferation concern"", ""high decommissioning costs""";Nuclear power plant operators, utility companies, national energy agencies, uranium mining corporations, and radioactive waste management firms.;;;;
Climate & Biodiversity;AGRICULTURE AND FOOD SYSTEMS;Sustainable agricultural intensification and crop production;A major structuring sector for SDG 2 and the primary driver of land-use change according to IPBES,. The IPCC AR6 integrates it into the AFOLU (Agriculture, Forestry and Other Land Use) sector, highlighting the complex interactions between greenhouse gas emissions and global food security,.;Implementation of resilient agricultural practices and sustainable food production systems that increase productivity while maintaining ecosystems.;"""sustainable agricultural intensification"", ""agricultural productive capacity"", ""crop yield stability"", ""resilient agricultural practices"", ""crop wild relatives"", ""plant gene banks"", ""food security nutrition"", ""FAO"", ""Committee on World Food Security"", ""Rome Declaration on Nutrition"", ""SDG 2.4"", ""CGIAR"", ""biotech debate"", ""industrial agriculture expansion"", ""corporate seed control"", ""yield gap"", ""technological lock-in""";Agribusinesses, agricultural research institutions, crop producers, and food processors.;;;;
Climate & Biodiversity;AGRICULTURE AND FOOD SYSTEMS;Efficient and sustainable livestock systems;A major structuring sector for SDG 2 and the primary driver of land-use change according to IPBES,. The IPCC AR6 integrates it into the AFOLU (Agriculture, Forestry and Other Land Use) sector, highlighting the complex interactions between greenhouse gas emissions and global food security,.;Management of animal-based food systems to reduce GHG emissions and land footprint while ensuring animal welfare and productivity.;"""livestock systems efficiency"", ""enteric fermentation"", ""animal husbandry"", ""pastoralist development"", ""silvopastoral systems"", ""livestock methane emissions"", ""manure management"", ""OIE World Organisation for Animal Health"", ""Global Agenda for Sustainable Livestock"", ""ILRI"", ""LEAP Partnership"", ""International Livestock Research Institute"", ""factory farming"", ""meat tax"", ""overgrazing degradation"", ""livestock-driven deforestation"", ""animal welfare ethics""";Livestock producers, meat industry, animal welfare NGOs, and veterinary services.;;;;
Climate & Biodiversity;AGRICULTURE AND FOOD SYSTEMS;Agroecology and regenerative practices;A major structuring sector for SDG 2 and the primary driver of land-use change according to IPBES,. The IPCC AR6 integrates it into the AFOLU (Agriculture, Forestry and Other Land Use) sector, highlighting the complex interactions between greenhouse gas emissions and global food security,.;Use of agricultural methods that work with natural processes, such as soil carbon sequestration and biodiversity-friendly management.;"""agroecology"", ""regenerative agriculture"", ""soil carbon sequestration"", ""multifunctional landscape planning"", ""agrobiodiversity"", ""traditional management practices"", ""soil organic carbon"", ""Via Campesina"", ""Nagoya Protocol"", ""IPBES Indigenous Knowledge Task Force"", ""IFOAM Organics International"", ""Global Soil Partnership"", ""traditional-vs-industrial"", ""greenwashing agroecology"", ""carbon farming verification"", ""land-grabbing"", ""yield trade-offs""";Smallholder farmers, agroecological networks, conservation NGOs, and organic certifiers.;;;;
Climate & Biodiversity;AGRICULTURE AND FOOD SYSTEMS;Food loss and waste reduction;A major structuring sector for SDG 2 and the primary driver of land-use change according to IPBES,. The IPCC AR6 integrates it into the AFOLU (Agriculture, Forestry and Other Land Use) sector, highlighting the complex interactions between greenhouse gas emissions and global food security,.;Measures to reduce per capita global food waste at retail and consumer levels and food losses along production and supply chains.;"""food waste reduction"", ""post-harvest losses"", ""per capita food waste"", ""supply chain efficiency"", ""retail food waste"", ""consumer food waste"", ""food value chains"", ""SDG 12.3"", ""Champions 12.3"", ""Save Food Initiative"", ""Food Loss Index"", ""WRAP"", ""retailer accountability"", ""ugly veg stigma"", ""expiration date confusion"", ""dumpster diving"", ""waste-to-energy debate""";Retailers, logistics companies, consumer advocacy groups, and waste management sectors.;;;;
Climate & Biodiversity;AGRICULTURE AND FOOD SYSTEMS;Nutrient and pesticide management;A major structuring sector for SDG 2 and the primary driver of land-use change according to IPBES,. The IPCC AR6 integrates it into the AFOLU (Agriculture, Forestry and Other Land Use) sector, highlighting the complex interactions between greenhouse gas emissions and global food security,.;Regulation and reduction of harmful chemical inputs in agriculture to prevent water/soil pollution and biodiversity loss while managing emissions.;"""pesticides"", ""integrated pest management"", ""nutrient pollution"", ""synthetic fertilizers"", ""non-point source pollution"", ""agricultural runoff"", ""eutrophication"", ""Stockholm Convention"", ""Rotterdam Convention"", ""REACH regulation"", ""Codex Alimentarius"", ""Pesticide Action Network"", ""bee-killing pesticides"", ""chemical fertilizer impact"", ""pesticide treadmill"", ""toxic legacy sites"", ""chemical lobby""";Chemical industry, farmers, environmental health agencies, and water management authorities.;;;;
Climate & Biodiversity;AGRICULTURE AND FOOD SYSTEMS;Irrigation and agricultural water management;A major structuring sector for SDG 2 and the primary driver of land-use change according to IPBES,. The IPCC AR6 integrates it into the AFOLU (Agriculture, Forestry and Other Land Use) sector, highlighting the complex interactions between greenhouse gas emissions and global food security,.;Integrated management of surface and groundwater for agriculture to ensure efficiency and status of aquatic ecosystems.;"""agricultural irrigation"", ""on-farm water management"", ""water-use efficiency"", ""sustainable freshwater withdrawals"", ""aquifer recharge"", ""conjunctive water use"", ""desalination"", ""UN-Water"", ""Global Water Partnership"", ""IWMI"", ""SDG 6.4"", ""International Commission on Irrigation and Drainage"", ""groundwater over-abstraction"", ""water-rights conflict"", ""dam-induced fragmentation"", ""drought-resilience gap"", ""irrigation-vs-biodiversity trade-offs""";Irrigation districts, water utility companies, hydrologists, and rural communities.;;;;
Climate & Biodiversity;FORESTRY AND LAND USE;Forest conservation and avoided deforestation;Treated as a critical lever for carbon sinks in Article 10 of the EU Taxonomy and by the IPCC,. It is a central management axis for both IPBES and SDG 15 regarding the sustainable management of terrestrial ecosystems and the fight against land degradation,,.;Protection of existing forest ecosystems and high-carbon stocks to prevent greenhouse gas emissions and safeguard biodiversity.;"""avoided deforestation"", ""primary forest protection"", ""old-growth forest preservation"", ""high-carbon ecosystem conservation"", ""forest conversion prevention"", ""halting deforestation"", ""tropical forest integrity"", ""REDD+"", ""Amazon Fund"", ""COP21 Forest Goals"", ""IUCN Green List"", ""Convention on Biological Diversity"", ""land tenure insecurity"", ""conservation-driven displacement"", ""illegal logging syndicates"", ""carbon credit leakage"", ""protected area encroachment""";National parks services, indigenous peoples, conservation NGOs, and global climate funds.;;;;
Climate & Biodiversity;FORESTRY AND LAND USE;Reforestation, afforestation, and ecological restoration;Treated as a critical lever for carbon sinks in Article 10 of the EU Taxonomy and by the IPCC,. It is a central management axis for both IPBES and SDG 15 regarding the sustainable management of terrestrial ecosystems and the fight against land degradation,,.;Large-scale planting of trees and restoration of degraded lands to enhance carbon sinks, involving trade-offs regarding species choice and land competition.;"""afforestation"", ""reforestation"", ""ecological restoration"", ""native species replanting"", ""assisted natural regeneration"", ""landscape rewilding"", ""forest landscape restoration"", ""Bonn Challenge"", ""UN Decade on Ecosystem Restoration"", ""Global Partnership on Forest and Landscape Restoration"", ""New York Declaration on Forests"", ""Trillion Trees Initiative"", ""monoculture plantation risk"", ""non-native invasive species"", ""land competition for food"", ""greenwashing plantations"", ""tree planting failure""";Timber companies, restoration agencies, environmental NGOs, and carbon offset developers.;;;;
Climate & Biodiversity;FORESTRY AND LAND USE;Sustainable forest management and certified logging;Treated as a critical lever for carbon sinks in Article 10 of the EU Taxonomy and by the IPCC,. It is a central management axis for both IPBES and SDG 15 regarding the sustainable management of terrestrial ecosystems and the fight against land degradation,,.;Stewardship of forest land that maintains biodiversity and regeneration capacity while providing long-lived wood products for material substitution.;"""sustainable forest management"", ""reduced impact logging"", ""certified timber production"", ""long-lived wood products"", ""forest regeneration capacity"", ""sustainable harvesting rates"", ""stewardship of forest land"", ""FSC certification"", ""PEFC standards"", ""EU Timber Regulation"", ""FLEGT Action Plan"", ""International Tropical Timber Organization"", ""industrial logging greenwashing"", ""old-growth timber trade"", ""logging-road fragmentation"", ""unsustainable harvest intensity"", ""certification integrity gaps""";Forestry industry, timber manufacturers, architects using bio-based materials, and certification bodies.;;;;
Climate & Biodiversity;FORESTRY AND LAND USE;Peatland, wetland, and coastal ecosystem conservation;Treated as a critical lever for carbon sinks in Article 10 of the EU Taxonomy and by the IPCC,. It is a central management axis for both IPBES and SDG 15 regarding the sustainable management of terrestrial ecosystems and the fight against land degradation,,.;Targeted management of high-carbon water-based ecosystems to provide immediate climate benefits and essential ecosystem services.;"""peatland restoration"", ""wetland conservation"", ""mangrove forest protection"", ""blue carbon sequestration"", ""coastal ecosystem management"", ""seagrass meadow preservation"", ""high-carbon stocks preservation"", ""Ramsar Convention"", ""Blue Carbon Initiative"", ""Wetlands International"", ""Global Peatlands Initiative"", ""Mangroves for the Future"", ""coastal development pressure"", ""drainage for agriculture"", ""peat-land fire weather"", ""aquaculture conversion impacts"", ""measuring blue carbon uncertainty""";Coastal management authorities, wetland conservation groups, blue carbon investors, and indigenous communities.;;;;
Climate & Biodiversity;MINING AND RESOURCE EXTRACTION;Extraction of critical minerals for the energy transition;Identified in the IPBES assessment as a driver of nature degradation and included in the EU Taxonomy regarding the management of mining waste,. It presents a critical trade-off regarding the extraction of minerals necessary for the energy transition.;Mining of essential materials (lithium, cobalt, rare earths) for low-carbon technologies, posing significant risks of habitat fragmentation and pollution.;"""critical minerals extraction"", ""lithium brine mining"", ""rare earth elements"", ""cobalt supply chain"", ""transition mineral mining"", ""high-grade ore processing"", ""nickel sulfide extraction"", ""Critical Raw Materials Act"", ""International Energy Agency"", ""Responsible Minerals Initiative"", ""Energy Resource Governance Initiative"", ""OECD Mineral Guidelines"", ""deep-sea mining"", ""resource curse"", ""transition mineral rush"", ""indigenous land rights"", ""habitat fragmentation""";Mining corporations, battery supply chain actors, indigenous groups, and environmental watchdogs.;;;;
Climate & Biodiversity;MINING AND RESOURCE EXTRACTION;Mining waste and hazardous chemical management;Identified in the IPBES assessment as a driver of nature degradation and included in the EU Taxonomy regarding the management of mining waste,. It presents a critical trade-off regarding the extraction of minerals necessary for the energy transition.;Management of toxic pollutants, tailings, and emissions from mining activities to prevent degradation of water and soil quality.;"""mine tailings management"", ""tailing storage facilities"", ""acid mine drainage"", ""heavy metal contamination"", ""hazardous mineral waste"", ""cyanide leaching"", ""mineral extraction effluent"", ""Global Industry Standard on Tailings Management"", ""EU Mining Waste Directive"", ""Minamata Convention"", ""International Council on Mining and Metals"", ""Basel Convention"", ""tailing dam failure"", ""toxic sludge spill"", ""water table poisoning"", ""cleanup liability gap"", ""dirty mining legacy""";Waste management firms, mining engineers, health agencies, and local residents.;;;;
Climate & Biodiversity;MINING AND RESOURCE EXTRACTION;Resource use efficiency and circularity in extraction;Identified in the IPBES assessment as a driver of nature degradation and included in the EU Taxonomy regarding the management of mining waste,. It presents a critical trade-off regarding the extraction of minerals necessary for the energy transition.;Improving existing industrial processes and infrastructure in the extraction sector to increase resource-use efficiency and reduce environmental footprints.;"""mineral resource efficiency"", ""secondary raw materials recovery"", ""circular mining processes"", ""tailings repurposing"", ""industrial symbiosis mining"", ""low-waste extraction"", ""mine-to-market optimization"", ""Circular Economy Action Plan"", ""ISO 14001"", ""United Nations Framework Classification for Resources"", ""European Innovation Partnership on Raw Materials"", ""Waste Framework Directive"", ""efficiency greenwashing"", ""technical feasibility gap"", ""mining rebound effect"", ""downcycling minerals"", ""investment barrier""";Industrial technology providers, mining operators, efficiency consultants, and material scientists.;;;;
Climate & Biodiversity;MINING AND RESOURCE EXTRACTION;Impact of illegal and small-scale mining;Identified in the IPBES assessment as a driver of nature degradation and included in the EU Taxonomy regarding the management of mining waste,. It presents a critical trade-off regarding the extraction of minerals necessary for the energy transition.;Management of the widespread environmental and social impacts caused by untraceable illegal and small-scale mining in biodiversity-relevant locations.;"""artisanal small-scale mining"", ""illegal gold mining"", ""wildcat mining operations"", ""mercury-based extraction"", ""unpermitted pit mining"", ""untraceable mineral supply"", ""conflict mineral trade"", ""OECD Due Diligence Guidance"", ""Kimberley Process"", ""Interpol Environmental Crime"", ""CITES"", ""United Nations Convention against Transnational Organized Crime"", ""blood gold"", ""forced displacement"", ""mercury poisoning"", ""organized crime mining"", ""social conflict""";Law enforcement, local communities, artisanal miners, and human rights NGOs.;;;;
Climate & Biodiversity;INFRASTRUCTURE AND LAND-USE PLANNING;Linear infrastructure expansion (Roads and Rail);Structured by SDG 9, this sector is analyzed by the IPCC for its role in resilience capacity and by IPBES for its impacts on habitat fragmentation and biodiversity loss,,.;Global expansion of paved road lengths and rail networks that facilitates economic development but results in significant land-use change, deforestation, and habitat fragmentation.;"""paved road length"", ""transport corridors"", ""linear infrastructure expansion"", ""railway network development"", ""habitat fragmentation"", ""ecosystem connectivity"", ""unprecedented infrastructure growth"", ""Global Road Map"", ""Convention on Migratory Species"", ""Trans-European Transport Network (TEN-T)"", ""IUCN Connectivity Conservation"", ""Sustainable Infrastructure Tool"", ""land grabbing"", ""population displacement"", ""environmental social costs"", ""illegal logging access"", ""forest clearing for roads""";National governments, construction corporations, transport departments, and land-use planners.;;;;
Climate & Biodiversity;INFRASTRUCTURE AND LAND-USE PLANNING;Hydroelectric dams and reservoirs;Structured by SDG 9, this sector is analyzed by the IPCC for its role in resilience capacity and by IPBES for its impacts on habitat fragmentation and biodiversity loss,,.;Construction of large-scale dams and reservoirs for renewable energy and water storage that impacts freshwater ecosystem flow regimes and disrupts local communities,.;"""hydroelectric dams"", ""river flow regimes"", ""aquatic fragmentation"", ""reservoir storage capacity"", ""river blocking"", ""biological barriers"", ""catchment management"", ""World Commission on Dams"", ""International Hydropower Association"", ""SDG Target 9.1"", ""EU Water Framework Directive"", ""International Commission on Large Dams"", ""ecosystem drowning"", ""social disruption"", ""forced relocation"", ""sedimentation risks"", ""river connectivity loss""";Energy utility companies, hydraulic engineers, agricultural sectors, and indigenous communities,.;;;;
Climate & Biodiversity;INFRASTRUCTURE AND LAND-USE PLANNING;Coastal defense and adaptation infrastructure;Structured by SDG 9, this sector is analyzed by the IPCC for its role in resilience capacity and by IPBES for its impacts on habitat fragmentation and biodiversity loss,,.;Hard engineering solutions such as seawalls and dikes designed to protect coastal settlements from sea-level rise, which may cause unintended environmental harm or maladaptation,.;"""sea-level rise adaptation"", ""storm surge barriers"", ""coastal defense infrastructure"", ""shoreline hardening"", ""dike construction"", ""coastal protection engineering"", ""hard adaptation solutions"", ""Sendai Framework"", ""SROCC report"", ""Green Climate Fund"", ""Coastal Cities Network"", ""EU Adaptation Strategy"", ""maladaptation"", ""coastal squeeze"", ""vulnerability lock-in"", ""inequitable protection"", ""grey infrastructure bias""";Civil engineering firms, coastal municipalities, insurance companies, and residents in low-lying areas,.;;;;
Climate & Biodiversity;INFRASTRUCTURE AND LAND-USE PLANNING;Disaster risk management and early warning systems;Structured by SDG 9, this sector is analyzed by the IPCC for its role in resilience capacity and by IPBES for its impacts on habitat fragmentation and biodiversity loss,,.;Implementation of technical systems and institutional frameworks to monitor climate hazards and provide early warnings for extreme events like floods and heatwaves,.;"""early warning systems"", ""disaster risk management"", ""climate hazard monitoring"", ""contingency planning"", ""emergency response capacity"", ""hazard alerts"", ""risk reduction framework"", ""UNDRR"", ""WMO Early Warnings for All"", ""Global Adaptation Network"", ""SDG Target 13.3"", ""Red Cross Climate Centre"", ""funding gaps"", ""implementation lag"", ""last-mile connectivity"", ""data accessibility"", ""risk perception gap""";Emergency management agencies, meteorological services, technology providers, and humanitarian NGOs,.;;;;
Climate & Biodiversity;INFRASTRUCTURE AND LAND-USE PLANNING;Integrated spatial and urban planning;Structured by SDG 9, this sector is analyzed by the IPCC for its role in resilience capacity and by IPBES for its impacts on habitat fragmentation and biodiversity loss,,.;Coordination of land-use to achieve compact urban forms and co-location of jobs and housing, aiming to reduce energy demand and minimize conversion of natural ecosystems,.;"""compact urban form"", ""job-housing co-location"", ""urban densification"", ""spatial planning integration"", ""mixed-use development"", ""transit-oriented development"", ""urban urbanization strategies"", ""UN-Habitat"", ""New Urban Agenda"", ""C40 Cities"", ""SDG Target 11.3"", ""Local Governments for Sustainability (ICLEI)"", ""urban sprawl"", ""green gentrification"", ""land competition"", ""forced displacement"", ""housing affordability crisis""";Urban planners, real estate developers, local authorities, and conservation organizations,.;;;;
Climate & Biodiversity;HUMAN HEALTH AND WELL-BEING;Climate-sensitive infectious and vector-borne diseases;Structured by SDG 9, this sector is analyzed by the IPCC for its role in resilience capacity and by IPBES for its impacts on habitat fragmentation and biodiversity loss,,.;Management of health risks associated with the changing distribution and intensity of food-borne, water-borne, and vector-borne diseases driven by climate change,,.;"""vector-borne disease distribution"", ""zoonotic disease emergence"", ""epidemiological risk mapping"", ""climate-driven disease transmission"", ""pathogen range expansion"", ""water-borne disease outbreaks"", ""infectious disease surveillance"", ""World Health Organization"", ""Global Health Security Agenda"", ""SDG Target 3.3"", ""WHO Infectious Hazard Management"", ""One Health High-Level Expert Panel"", ""pandemic risk anxiety"", ""vaccine equity gap"", ""biosecurity breach fears"", ""zoonotic spillover debate"", ""health surveillance privacy""";Public health authorities, medical researchers, pharmaceutical companies, and international health organizations.;;;;
Climate & Biodiversity;HUMAN HEALTH AND WELL-BEING;Heat-health action plans and thermal regulation;Structured by SDG 9, this sector is analyzed by the IPCC for its role in resilience capacity and by IPBES for its impacts on habitat fragmentation and biodiversity loss,,.;Implementation of strategies and early warning response systems to reduce human mortality and morbidity during extreme heat events.;"""heat-health action plans"", ""extreme heat mortality"", ""urban heat island mitigation"", ""thermal regulation measures"", ""hyperthermia risk threshold"", ""cooling center accessibility"", ""occupational heat stress"", ""Sendai Framework"", ""Global Heat Health Information Network"", ""WMO-WHO Joint Office"", ""Red Cross Climate Centre"", ""EU Adaptation Strategy"", ""energy poverty cooling"", ""wet-bulb temperature limit"", ""worker safety violations"", ""inequitable heat exposure"", ""preventable summer deaths""";Municipal health departments, emergency services, geriatric care providers, and labor unions,.;;;;
Climate & Biodiversity;HUMAN HEALTH AND WELL-BEING;Mental health and climate-related displacement;Structured by SDG 9, this sector is analyzed by the IPCC for its role in resilience capacity and by IPBES for its impacts on habitat fragmentation and biodiversity loss,,.;Provision of psychological support and social protection for individuals facing mental health challenges and forced displacement due to climate-related disasters,,.;"""climate-related displacement"", ""forced migration patterns"", ""disaster-induced trauma"", ""psychosocial health impacts"", ""environmental migrant status"", ""planned relocation strategies"", ""post-disaster mental health"", ""UNHCR Climate Change"", ""International Organization for Migration"", ""Platform on Disaster Displacement"", ""Nansen Initiative"", ""SDG Target 10.7"", ""climate refugee legal-gap"", ""eco-anxiety"", ""loss of cultural identity"", ""forced resettlement conflict"", ""migration sovereignty debate""";Mental health practitioners, social NGOs, disaster relief agencies, and displaced community advocates,.;;;;
Climate & Biodiversity;HUMAN HEALTH AND WELL-BEING;Pollution impacts on human health (Air, Water, Soil);Structured by SDG 9, this sector is analyzed by the IPCC for its role in resilience capacity and by IPBES for its impacts on habitat fragmentation and biodiversity loss,,.;Reducing illnesses and deaths caused by hazardous chemicals and air, water, and soil pollution, which are exacerbated by industrial, mining, and agricultural activities,,.;"""ambient air quality"", ""hazardous chemical exposure"", ""non-point source pollution"", ""environmental health burden"", ""soil contamination remediation"", ""industrial pollutant discharge"", ""toxic waste exposure"", ""REACH regulation"", ""Stockholm Convention"", ""WHO Air Quality Guidelines"", ""Minamata Convention"", ""Basel Convention"", ""toxic dumping scandal"", ""polluter pays enforcement"", ""cancer cluster fears"", ""corporate chemical lobbying"", ""regulatory compliance gap""";Environmental protection agencies, industrial manufacturers, agribusinesses, and public health services,.;;;;
Climate & Biodiversity;ECONOMIC AND FINANCIAL SYSTEMS;Sustainable finance classification and Unified Taxonomy;A governance sector structured by SDG 17, serving as the regulatory framework for the EU Taxonomy and identified as a lever for systemic transformation (D10) by IPBES,,.;Establishment of a unified classification system for sustainable activities to reorient capital flows towards investments that contribute to environmental objectives,,.;"""technical screening criteria"", ""unified classification system"", ""environmentally sustainable economic activities"", ""do no significant harm principle"", ""substantial contribution criteria"", ""technical robust classification"", ""taxonomy regulation framework"", ""EU Taxonomy Regulation"", ""Platform on Sustainable Finance"", ""European Supervisory Authorities"", ""EU Technical Expert Group"", ""Member State Expert Group on Sustainable Finance"", ""greenwashing risk"", ""market fragmentation"", ""compliance administrative burden"", ""investment comparative burden"", ""criteria granularity debate""";Financial institutions, institutional investors, regulators, and large non-financial companies,.;;;;
Climate & Biodiversity;ECONOMIC AND FINANCIAL SYSTEMS;Reform and elimination of environmentally harmful subsidies;A governance sector structured by SDG 17, serving as the regulatory framework for the EU Taxonomy and identified as a lever for systemic transformation (D10) by IPBES,,.;Phasing out or reforming economic incentives, such as fossil fuel or agricultural subsidies, that favor unsustainable production and promote environmental degradation,,.;"""harmful subsidies elimination"", ""perverse economic incentives"", ""fossil fuel subsidies"", ""fishery overcapacity subsidies"", ""market distortions removal"", ""unsustainable practice incentives"", ""agricultural export subsidies"", ""Doha Development Round"", ""World Trade Organization fisheries negotiation"", ""OECD agricultural support"", ""Common Fisheries Policy"", ""Convention on Biological Diversity Target 3"", ""vested interests opposition"", ""regressive distributional impacts"", ""political opposition barriers"", ""hidden environmental costs"", ""consumer price volatility""";Finance ministries, industrial lobbies, agricultural unions, and international organizations,.;;;;
Climate & Biodiversity;ECONOMIC AND FINANCIAL SYSTEMS;Carbon pricing and economic instruments;A governance sector structured by SDG 17, serving as the regulatory framework for the EU Taxonomy and identified as a lever for systemic transformation (D10) by IPBES,,.;Use of regulatory and economic instruments, including carbon taxes and emissions trading, to incentivize low-cost emissions reduction and support deep decarbonization.;"""carbon pricing instruments"", ""emissions trading systems"", ""internalizing environmental externalities"", ""polluter pays principle"", ""carbon tax implementation"", ""regulatory economic instruments"", ""cap-and-trade programmes"", ""EU Emissions Trading System"", ""UNFCCC mitigation actions"", ""Greenhouse Gas inventories"", ""IPCC mitigation pathways"", ""International Monetary Fund"", ""carbon leakage risk"", ""industrial competitiveness loss"", ""carbon-intensive lock-in"", ""mitigation cost-effectiveness debate"", ""socially unjust taxation""";Central banks, environmental regulators, heavy emitters, and carbon market participants,.;;;;
Climate & Biodiversity;ECONOMIC AND FINANCIAL SYSTEMS;Corporate sustainability reporting and KPIs;A governance sector structured by SDG 17, serving as the regulatory framework for the EU Taxonomy and identified as a lever for systemic transformation (D10) by IPBES,,.;Mandatory or voluntary publication of key performance indicators (KPIs) by undertakings to disclose the proportion of their activities associated with environmentally sustainable economic activities,,.;"""non-financial statement disclosure"", ""sustainability reporting cycle"", ""alignment with screening criteria"", ""turnover CapEx OpEx ratios"", ""sustainability key performance indicators"", ""sustainability disclosure requirements"", ""impact assessment reporting"", ""Sustainable Finance Disclosure Regulation"", ""Non-Financial Reporting Directive"", ""EU Eco-management and Audit Scheme"", ""Global Reporting Initiative"", ""Task Force on Climate-related Financial Disclosures"", ""non-financial reporting greenwashing"", ""data availability constraints"", ""corporate accountability gap"", ""proprietary information restrictions"", ""audit verification burden""";Large corporations, financial market participants, audit firms, and competent national authorities,.;;;;
Climate & Biodiversity;ECONOMIC AND FINANCIAL SYSTEMS;International climate finance and the $100 billion goal;A governance sector structured by SDG 17, serving as the regulatory framework for the EU Taxonomy and identified as a lever for systemic transformation (D10) by IPBES,,.;Mobilization of financial resources from developed to developing countries to address the needs of climate change mitigation and adaptation,,.;"""international climate finance"", ""climate finance flows"", ""concessional financial assistance"", ""mobilizing private finance"", ""adaptation funding gap"", ""mitigation action transparency"", ""official development assistance flows"", ""Green Climate Fund"", ""UNFCCC financial mechanism"", ""Addis Ababa Action Agenda"", ""Global Environment Facility"", ""Doha Declaration on Financing for Development"", ""unfulfilled $100 billion goal"", ""debt sustainability distress"", ""asymmetric finance access"", ""donor pledge breach"", ""climate justice inequities""";Donor agencies, developing country governments, global climate funds, and international financial institutions,.;;;;
Climate & Biodiversity;ECONOMIC AND FINANCIAL SYSTEMS;Structural economic transformation and beyond-GDP metrics;A governance sector structured by SDG 17, serving as the regulatory framework for the EU Taxonomy and identified as a lever for systemic transformation (D10) by IPBES,,.;Shifting from current limited paradigms of economic growth toward holistic, long-term models that incorporate inequality reduction and internalize environmental impacts,.;"""structural economic transformation"", ""beyond GDP indicators"", ""inclusive wealth accounting"", ""natural capital accounting"", ""system-wide fundamental reorganization"", ""holistic long-term economics"", ""decoupling economic growth"", ""UN Statistical Commission"", ""IPBES Global Assessment"", ""SDG Target 17.19"", ""Rio Declaration on Environment and Development"", ""Platform on Biodiversity and Ecosystem Services"", ""economic growth paradigm"", ""ever-increasing material consumption"", ""status quo vested interests"", ""global inequality reduction"", ""planetary boundaries breach""";Economic researchers, policy-makers, civil society organizations, and international governance bodies,.;;;;
Climate & Biodiversity;SUSTAINABLE TOURISM;Carbon footprint of tourism-related travel;Explicitly mentioned as an economic sector dependent on biodiversity in SDG 8.9 and IPBES, while being analyzed by the IPCC for its high exposure to climate-related damages,,.;Management of the total greenhouse gas emissions resulting from the rapid growth of tourism-related transportation, particularly airborne and seaborne travel.;"""tourism carbon footprint"", ""travel-related emissions"", ""airborne travel emissions"", ""seaborne travel pollution"", ""long-distance transportation emissions"", ""tourism greenhouse gas intensity"", ""passenger-kilometer carbon footprint"", ""UNWTO"", ""International Civil Aviation Organization"", ""CORSIA"", ""International Maritime Organization"", ""SDG Target 13.2"", ""flight shaming"", ""overtourism emissions"", ""tourism carbon leakage"", ""unabated travel growth"", ""tourism energy intensity""";Airline industry, cruise lines, travel agencies, and international transport regulators.;;;;
Climate & Biodiversity;SUSTAINABLE TOURISM;Sustainable tourism policies and local products;Explicitly mentioned as an economic sector dependent on biodiversity in SDG 8.9 and IPBES, while being analyzed by the IPCC for its high exposure to climate-related damages,,.;Development and implementation of policies to promote tourism that creates jobs, promotes local culture, and uses biodiversity-friendly management,,.;"""sustainable tourism management"", ""local product promotion"", ""biodiversity-friendly tourism"", ""ecotourism scale"", ""job-creating tourism"", ""cultural heritage protection"", ""tourism monitoring tools"", ""Global Sustainable Tourism Council"", ""UNESCO World Heritage Convention"", ""SDG Target 8.9"", ""SDG Target 12.b"", ""10-Year Framework of Programmes"", ""ecotourism greenwashing"", ""cultural commodification"", ""tourism-driven displacement"", ""livelihood vs conservation"", ""tourism economic vulnerability""";Local communities, indigenous peoples, tourism boards, and small-scale entrepreneurs,.;;;;
Climate & Biodiversity;SUSTAINABLE TOURISM;Invasive alien species introduction via tourism;Explicitly mentioned as an economic sector dependent on biodiversity in SDG 8.9 and IPBES, while being analyzed by the IPCC for its high exposure to climate-related damages,,.;Management of the increased presence and spread of invasive alien species resulting from high-volume seaborne and airborne transportation for tourism.;"""invasive alien species"", ""introduction pathways"", ""seaborne species introduction"", ""airborne travel vectors"", ""pathway management"", ""biosecurity risk"", ""alien species presence"", ""Convention on Biological Diversity"", ""IPBES Global Assessment"", ""IUCN Invasive Species Specialist Group"", ""International Plant Protection Convention"", ""SDG Target 15.8"", ""invasive species hitchhiking"", ""global connectivity risks"", ""biosecurity enforcement gaps"", ""unintended species spread"", ""native species threat""";Biosecurity agencies, port authorities, airline operators, and environmental NGOs.;;;;
Biodiversity;WATER MANAGEMENT AND SANITATION;Universal access to safe and affordable drinking water;A central sector of SDG 6, defined as a major environmental objective in Article 12 of the EU Taxonomy and a key domain for restorative management for IPBES,,.;Ensuring equitable access to safe and affordable drinking water for all, including the protection of water sources from contamination to safeguard human health.;"""safe drinking water"", ""affordable drinking water"", ""potable water access"", ""point-of-use treatment"", ""drinking water affordability"", ""piped water supply"", ""water source protection"", ""SDG Target 6.1"", ""WHO Guidelines for Drinking-water Quality"", ""UN-Water"", ""WaterAid"", ""Safe Water Network"", ""water privatization"", ""water affordability crisis"", ""bottled water lobby"", ""inequitable water access"", ""tap water contamination""";Public water utilities, municipal governments, health organizations, and rural communities.;;;;
Biodiversity;WATER MANAGEMENT AND SANITATION;Sanitation, hygiene, and ending open defecation;A central sector of SDG 6, defined as a major environmental objective in Article 12 of the EU Taxonomy and a key domain for restorative management for IPBES,,.;Achieving access to adequate and equitable sanitation and hygiene for all, with a specific focus on the needs of women, girls, and those in vulnerable situations.;"""open defecation"", ""sanitation facilities"", ""hygiene services"", ""menstrual hygiene management"", ""fecal sludge management"", ""basic sanitation services"", ""sanitation infrastructure"", ""SDG Target 6.2"", ""UNICEF WASH"", ""WHO/UNICEF Joint Monitoring Programme"", ""Global Sanitation Graduate School"", ""World Toilet Day"", ""sanitation gap"", ""urban slum neglect"", ""manual scavenging"", ""sewage discharge"", ""sanitation crisis""";Sanitation service providers, NGOs specializing in hygiene, local health departments, and urban planners.;;;;
Biodiversity;WATER MANAGEMENT AND SANITATION;Wastewater treatment and pollutant discharge management;A central sector of SDG 6, defined as a major environmental objective in Article 12 of the EU Taxonomy and a key domain for restorative management for IPBES,,.;Management of urban and industrial wastewater discharges, including the removal of pharmaceuticals and microplastics, to prevent deterioration of water bodies and aquatic ecosystems.;"""wastewater treatment"", ""urban wastewater"", ""industrial wastewater"", ""pollutant discharge"", ""microplastics removal"", ""pharmaceutical contaminants"", ""effluent standards"", ""Urban Waste Water Treatment Directive"", ""Minamata Convention"", ""Stockholm Convention"", ""REACH regulation"", ""Basel Convention"", ""untreated sewage"", ""emerging contaminants"", ""toxic dumping scandal"", ""regulatory non-compliance"", ""heavy metal contamination""";Industrial manufacturers, municipal wastewater plants, environmental regulators, and chemical companies.;;;;
Biodiversity;WATER MANAGEMENT AND SANITATION;Water-use efficiency and scarcity management;A central sector of SDG 6, defined as a major environmental objective in Article 12 of the EU Taxonomy and a key domain for restorative management for IPBES,,.;Implementation of measures to increase water-use efficiency across all sectors to address water scarcity and ensure sustainable withdrawals of freshwater.;"""desalination"", ""water-use efficiency"", ""sustainable freshwater withdrawals"", ""water scarcity management"", ""aquifer recharge"", ""groundwater abstraction"", ""conjunctive water use"", ""SDG Target 6.4"", ""UN-Water"", ""Global Water Partnership"", ""International Commission on Irrigation and Drainage"", ""International Water Management Institute"", ""groundwater over-abstraction"", ""water-rights conflict"", ""scarcity pricing"", ""desalination environmental impact"", ""allocation inequity""";Agricultural irrigation sectors, heavy industries, water management authorities, and civil society.;;;;
Biodiversity;WATER MANAGEMENT AND SANITATION;Integrated Water Resources Management (IWRM) and transboundary cooperation;A central sector of SDG 6, defined as a major environmental objective in Article 12 of the EU Taxonomy and a key domain for restorative management for IPBES,,.;Coordination of water, land, and related resources management at all levels, including across international borders, to maximize economic and social welfare without compromising ecosystem sustainability.;"""integrated water resources management"", ""transboundary water cooperation"", ""catchment management"", ""river basin planning"", ""hydrological cycle analysis"", ""basin governance"", ""transboundary aquifers"", ""UN Water Convention"", ""Doha Declaration on Financing for Development"", ""International River Basin Organizations"", ""SDG Target 6.5"", ""Helsinki Convention"", ""upstream-downstream conflicts"", ""dam diplomacy"", ""water sovereignty"", ""treaty breach"", ""transboundary water tension""";National governments, international river basin organizations, transboundary water agencies, and regional planners.;;;;
Biodiversity;WASTE MANAGEMENT AND CIRCULAR ECONOMY;Waste prevention, reduction, and source separation;Defined as a global economic system in Article 13 of the EU Taxonomy and structured by SDG 12 (Sustainable consumption and production),. IPBES emphasizes its critical importance for reducing pollution pressures on ecosystems.;Implementation of strategies to substantially reduce waste generation through prevention, reduction, and the systematic separation of waste at source.;"""waste generation reduction"", ""packaging waste prevention"", ""systematic source separation"", ""material flow management"", ""household waste reduction"", ""unsustainable consumption patterns"", ""avoided waste production"", ""Waste Framework Directive"", ""SDG Target 12.5"", ""Circular Economy Action Plan"", ""Ecodesign Directive"", ""UN 10-Year Framework of Programmes"", ""overconsumption habits"", ""retailer accountability gap"", ""packaging greenwashing"", ""disposable product lifestyle"", ""regulatory compliance burden""";Product designers, retail sectors, municipal waste authorities, and consumer advocacy groups.;;;;
Biodiversity;WASTE MANAGEMENT AND CIRCULAR ECONOMY;Recycling and use of secondary raw materials;Defined as a global economic system in Article 13 of the EU Taxonomy and structured by SDG 12 (Sustainable consumption and production),. IPBES emphasizes its critical importance for reducing pollution pressures on ecosystems.;Enhancing the quality and volume of recycling to reintroduce secondary raw materials into production cycles, thereby reducing reliance on virgin resource extraction.;"""secondary raw materials"", ""high-quality recycling"", ""material recovery efficiency"", ""waste-to-resource transition"", ""post-consumer recycling"", ""industrial symbiosis recycling"", ""circular production cycles"", ""Circular Economy Action Plan"", ""WEEE Directive"", ""EU Ecolabel Regulation"", ""Waste Framework Directive"", ""REACH regulation"", ""downcycling issues"", ""recycling toxicity risks"", ""waste export scandal"", ""unprofitable recycling markets"", ""recycled content claims""";Recycling industry, manufacturing companies using recycled content, material scientists, and waste collectors.;;;;
Biodiversity;WASTE MANAGEMENT AND CIRCULAR ECONOMY;Hazardous waste and chemical management;Defined as a global economic system in Article 13 of the EU Taxonomy and structured by SDG 12 (Sustainable consumption and production),. IPBES emphasizes its critical importance for reducing pollution pressures on ecosystems.;Environmentally sound management of chemicals and all hazardous wastes throughout their life cycle to minimize adverse impacts on human health and the environment.;"""hazardous waste management"", ""toxic waste disposal"", ""chemical lifecycle safety"", ""persistent organic pollutants"", ""hazardous substances substitution"", ""remediation of contaminated sites"", ""industrial pollutant discharge"", ""Stockholm Convention"", ""Minamata Convention"", ""REACH regulation"", ""Basel Convention"", ""Rotterdam Convention"", ""toxic dumping scandal"", ""illegal waste trade"", ""cancer cluster fears"", ""chemical lobby influence"", ""legacy pollution liability""";Chemical industry, hazardous waste disposal firms, environmental health agencies, and laboratory services.;;;;
Biodiversity;WASTE MANAGEMENT AND CIRCULAR ECONOMY;Product durability, reparability, and circular design;Defined as a global economic system in Article 13 of the EU Taxonomy and structured by SDG 12 (Sustainable consumption and production),. IPBES emphasizes its critical importance for reducing pollution pressures on ecosystems.;"Designing and manufacturing products to increase their durability, reparability, and reusability, including ""product-as-a-service"" models to prolong material value.";"""product durability standards"", ""reparability index"", ""circular design principles"", ""product-as-a-service"", ""design for disassembly"", ""upgradability and reusability"", ""construction material reuse"", ""Ecodesign Directive"", ""Ellen MacArthur Foundation"", ""Cradle to Cradle certification"", ""Energy Performance of Buildings Directive"", ""EU Building Stock Observatory"", ""planned obsolescence"", ""repair barriers"", ""disposable culture"", ""circularity greenwashing"", ""high up-front costs""";Product manufacturers, repair networks, consumer rights organizations, and circular design consultants.;;;;
Biodiversity;WASTE MANAGEMENT AND CIRCULAR ECONOMY;Municipal waste management and per capita environmental impact;Defined as a global economic system in Article 13 of the EU Taxonomy and structured by SDG 12 (Sustainable consumption and production),. IPBES emphasizes its critical importance for reducing pollution pressures on ecosystems.;Strategies to reduce the adverse per capita environmental impact of cities through efficient municipal waste systems and air quality monitoring [45, 11.6].;"""municipal waste systems"", ""urban waste collection"", ""per capita waste impact"", ""integrated solid waste management"", ""urban air quality monitoring"", ""city-level waste infrastructure"", ""ambient air pollution"", ""SDG Target 11.6"", ""C40 Cities"", ""UN-Habitat Urban Waste"", ""WHO Air Quality Guidelines"", ""Local Governments for Sustainability"", ""incineration vs recycling"", ""landfill capacity crisis"", ""urban pollution hotspots"", ""inequitable waste collection"", ""waste-to-energy controversy""";Municipalities, waste management companies, urban residents, and air quality monitoring agencies.;;;;
Biodiversity;FISHERIES AND AQUACULTURE;Sustainable wild capture fisheries management;A dominant activity of SDG 14 (Life below water) and identified by IPBES as the primary direct driver of impact on marine ecosystems,,.;Implementing science-based management plans and harvest regulations to maintain or restore fish stocks to levels that produce maximum sustainable yield.;"""maximum sustainable yield"", ""fish stock restoration"", ""ecosystem-based fisheries management"", ""harvesting regulations"", ""overfishing prevention"", ""marine ecosystem health"", ""rebuilding depleted stocks"", ""FAO Code of Conduct for Responsible Fisheries"", ""Regional Fisheries Management Organizations"", ""UNCLOS"", ""Common Fisheries Policy"", ""SDG 14.4"", ""fishing quotas"", ""industrial overexploitation"", ""catch limit disputes"", ""commercial fishing lobby"", ""seabed trawling impact""";Commercial fishing fleets, regional fisheries management organizations (RFMOs), marine scientists, and seafood processors.;;;;
Biodiversity;FISHERIES AND AQUACULTURE;Marine pollution and plastic debris reduction;A dominant activity of SDG 14 (Life below water) and identified by IPBES as the primary direct driver of impact on marine ecosystems,,.;Prevention and significant reduction of all types of marine pollution, particularly from land-based activities, including marine debris, plastics, and nutrient pollution.;"""marine plastic pollution"", ""marine debris"", ""macroplastic management"", ""nutrient pollution"", ""land-based pollution"", ""ghost nets"", ""derelict gear removal"", ""EU Marine Strategy Framework Directive"", ""MARPOL Convention"", ""Stockholm Convention"", ""SDG 14.1"", ""Basel Convention"", ""ocean plastic crisis"", ""microplastic ingestion"", ""single-use plastic bans"", ""toxic dumping scandal"", ""industry plastic accountability""";Coastal municipalities, plastics industry, NGOs fighting ocean plastic, and waste management sectors.;;;;
Biodiversity;FISHERIES AND AQUACULTURE;Illegal, Unreported, and Unregulated (IUU) fishing;A dominant activity of SDG 14 (Life below water) and identified by IPBES as the primary direct driver of impact on marine ecosystems,,.;Monitoring, deterrent, and elimination of fishing activities that operate outside of international and national legal frameworks, undermining sustainability efforts.;"""IUU fishing"", ""unreported catch"", ""destructive fishing practices"", ""vessel tracking"", ""seafood traceability"", ""maritime enforcement"", ""illegal trawling"", ""Agreement on Port State Measures"", ""INTERPOL Environmental Crime"", ""WTO fisheries subsidies negotiation"", ""FAO IUU Guidelines"", ""Global Record of Fishing Vessels"", ""fish pirates"", ""flags of convenience"", ""stolen fish"", ""maritime enforcement gap"", ""untraceable seafood supply""";Coast guards, maritime law enforcement, international monitoring agencies, and law-abiding fishing associations.;;;;
Biodiversity;FISHERIES AND AQUACULTURE;Sustainable aquaculture development and environmental footprint;A dominant activity of SDG 14 (Life below water) and identified by IPBES as the primary direct driver of impact on marine ecosystems,,.;Expansion of sustainable aquaculture that provides economic benefits while minimizing impacts on wild biodiversity, water quality, and coastal ecosystems.;"""sustainable aquaculture"", ""shellfish aquaculture"", ""aquaculture environmental footprint"", ""coastal aquaculture development"", ""aquaculture certification"", ""aquatic ecosystem status"", ""fish farming impact"", ""Aquaculture Stewardship Council"", ""Global Aquaculture Alliance"", ""FAO Aquaculture Guidelines"", ""EU Common Fisheries Policy"", ""SDG 14.7"", ""escaped farmed fish"", ""antibiotic overuse in aquaculture"", ""mangrove destruction"", ""water eutrophication"", ""aquaculture nutrient runoff""";Aquaculture producers, feed manufacturers, marine environmentalists, and coastal communities.;;;;
Biodiversity;FISHERIES AND AQUACULTURE;Small-scale and artisanal fisheries;A dominant activity of SDG 14 (Life below water) and identified by IPBES as the primary direct driver of impact on marine ecosystems,,.;Providing access for small-scale artisanal fishers to marine resources and markets while protecting their traditional livelihoods and managing local resources.;"""small-scale fisheries"", ""artisanal fishers"", ""marine resource access"", ""traditional fishing livelihoods"", ""community-based fisheries management"", ""indigenous fishing rights"", ""subsistence fishing"", ""FAO Voluntary Guidelines for Small-Scale Fisheries"", ""SDG 14.b"", ""IPBES Indigenous Knowledge Task Force"", ""Via Campesina"", ""Local Coastal Committees"", ""industrial-vs-artisanal conflict"", ""access rights displacement"", ""artisanal marginalization"", ""large-scale trawling encroachment"", ""traditional knowledge exclusion""";Small-scale fisher associations, local coastal communities, indigenous fishers, and development NGOs.;;;;
Biodiversity;ECOSYSTEMS AND CONSERVATION;Terrestrial and inland freshwater habitat conservation;While primarily the recipient of impacts, these environments are structured as active management sectors in SDGs 14 and 15, the sixth objective of the EU Taxonomy, and the global IPBES architecture,,,.;Ensuring the conservation, protection, and sustainable use of terrestrial and inland freshwater ecosystems, including forests, wetlands, mountains, and drylands.;"""terrestrial ecosystem protection"", ""inland freshwater conservation"", ""favourable conservation status"", ""habitat connectivity"", ""protected areas network"", ""nature reserves"", ""biodiversity hotspots"", ""IUCN Green List"", ""World Database on Protected Areas"", ""Convention on Biological Diversity"", ""SDG Target 15.1"", ""Natura 2000"", ""protected area encroachment"", ""land tenure insecurity"", ""conservation-vs-development"", ""land-use change pressure"", ""funding gaps for parks""";National park agencies, conservation NGOs, land-use planners, and environmental ministries.;;;;
Biodiversity;ECOSYSTEMS AND CONSERVATION;Ecological restoration and rewilding;While primarily the recipient of impacts, these environments are structured as active management sectors in SDGs 14 and 15, the sixth objective of the EU Taxonomy, and the global IPBES architecture,,,.;Taking urgent action for the restoration of degraded ecosystems to improve their condition, enhance their resilience, and recover ecosystem services.;"""ecological restoration"", ""restoring degraded land"", ""assisted natural regeneration"", ""native species replanting"", ""landscape rewilding"", ""nature recovery"", ""ecosystem resilience enhancement"", ""UN Decade on Ecosystem Restoration"", ""Bonn Challenge"", ""Global Partnership on Forest and Landscape Restoration"", ""Trillion Trees Initiative"", ""New York Declaration on Forests"", ""monoculture plantation risk"", ""land competition for food"", ""restoration effectiveness"", ""restoration costs"", ""natural-vs-managed""";Restoration practitioners, ecologists, landscape architects, and community restoration groups.;;;;
Biodiversity;ECOSYSTEMS AND CONSERVATION;Invasive alien species prevention and management;While primarily the recipient of impacts, these environments are structured as active management sectors in SDGs 14 and 15, the sixth objective of the EU Taxonomy, and the global IPBES architecture,,,.;Prevention of the introduction and management of established invasive alien species to reduce their impact on land and water ecosystems.;"""invasive alien species"", ""pathway management"", ""species introduction"", ""priority species eradication"", ""biosecurity risks"", ""alien species presence"", ""introduction vectors"", ""IUCN Invasive Species Specialist Group"", ""International Plant Protection Convention"", ""Global Invasive Species Database"", ""SDG Target 15.8"", ""Batrachochytrium dendrobatidis"", ""unintended consequences"", ""trade-vs-biosecurity"", ""invasive spread"", ""global connectivity risks"", ""native species threat""";Biosecurity agencies, environmental regulators, wildlife management groups, and international trade bodies.;;;;
Biodiversity;ECOSYSTEMS AND CONSERVATION;Management of genetic resources and benefit sharing;While primarily the recipient of impacts, these environments are structured as active management sectors in SDGs 14 and 15, the sixth objective of the EU Taxonomy, and the global IPBES architecture,,,.;Promoting fair and equitable sharing of benefits arising from the utilization of genetic resources and ensuring appropriate access to these resources.;"""genetic resources"", ""benefit sharing"", ""equitable access"", ""genetic diversity maintenance"", ""wild relatives"", ""traditional knowledge rights"", ""plant gene banks"", ""Nagoya Protocol"", ""CGIAR"", ""Rome Declaration on Nutrition"", ""SDG 15.6"", ""Intergovernmental Oceanographic Commission"", ""biopiracy"", ""intellectual property barriers"", ""fair compensation"", ""traditional knowledge exclusion"", ""access barriers""";Pharmaceutical and biotech companies, indigenous peoples, genetic researchers, and international oversight bodies.;;;;
Biodiversity;ECOSYSTEMS AND CONSERVATION;Poaching and illegal wildlife trafficking;While primarily the recipient of impacts, these environments are structured as active management sectors in SDGs 14 and 15, the sixth objective of the EU Taxonomy, and the global IPBES architecture,,,.;Taking urgent action to end poaching and trafficking of protected species of flora and fauna and addressing the demand and supply of illegal wildlife products.;"""poaching"", ""wildlife trafficking"", ""illegal wildlife trade"", ""protected species"", ""illegal wildlife products"", ""trafficking supply chains"", ""wildlife crime"", ""CITES"", ""INTERPOL Environmental Crime"", ""EU Action Plan against Wildlife Trafficking"", ""SDG Target 15.7"", ""United Nations Convention against Transnational Organized Crime"", ""ivory trade"", ""corrupt enforcement"", ""livelihood-vs-poaching"", ""illegal logging syndicates"", ""organized crime mining""";Law enforcement agencies, CITES authorities, wildlife NGOs, and criminal justice systems.;;;;
Biodiversity;ECOSYSTEMS AND CONSERVATION;Land degradation neutrality and soil biodiversity;While primarily the recipient of impacts, these environments are structured as active management sectors in SDGs 14 and 15, the sixth objective of the EU Taxonomy, and the global IPBES architecture,,,.;Efforts to combat desertification and restore degraded land and soil to achieve a land degradation-neutral world and protect soil biodiversity.;"""land degradation neutrality"", ""soil biodiversity"", ""desertification"", ""soil restoration"", ""remediation of contaminated sites"", ""soil organic carbon"", ""fertile land"", ""United Nations Convention to Combat Desertification"", ""Global Soil Partnership"", ""SDG Target 15.3"", ""ISO 14001"", ""Rio Declaration on Environment and Development"", ""land grabbing"", ""soil depletion"", ""chemical fertilizer impact"", ""unsustainable farming"", ""measuring soil carbon""";Farmers, land management agencies, soil scientists, and agricultural ministries.;;;;
Biodiversity;ECOSYSTEMS AND CONSERVATION;Blue carbon and coastal ecosystem management;While primarily the recipient of impacts, these environments are structured as active management sectors in SDGs 14 and 15, the sixth objective of the EU Taxonomy, and the global IPBES architecture,,,.;Targeted management and protection of high-carbon coastal ecosystems, such as mangroves and seagrasses, for carbon sequestration and biodiversity co-benefits.;"""blue carbon"", ""coastal ecosystems"", ""carbon sequestration"", ""mangrove forest protection"", ""seagrass meadows"", ""salt marshes"", ""high-carbon stocks"", ""Blue Carbon Initiative"", ""Ramsar Convention"", ""SROCC report"", ""SDG Target 14.2"", ""Global Peatlands Initiative"", ""coastal development pressure"", ""carbon credit leakage"", ""rising sea levels"", ""aquaculture conversion impacts"", ""measuring blue carbon""";Coastal management authorities, blue carbon investors, conservation NGOs, and local coastal residents.;;;;